label,PC1_Lower,PC1_Upper,PC2_Lower,PC2_Upper,PC3_Lower,PC3_Upper,PC4_Lower,PC4_Upper,PC5_Lower,PC5_Upper,PC6_Lower,PC6_Upper,PC7_Lower,PC7_Upper,PC8_Lower,PC8_Upper,PC9_Lower,PC9_Upper
0,-0.645523323,-0.21034571,1.061866052,1.400740948,-0.699104925,-0.394135273,-0.784630662,-0.162896609,-0.764593214,-0.442340655,-1.059613137,-0.528548048,-0.046244413,0.476002561,-0.261690345,0.331085817,-0.449550118,0.190979973
0,-0.700942465,-0.025103569,1.057491382,1.536246994,-0.872813352,-0.147612354,-1.010819106,-0.425181671,-0.541447765,-0.068998978,-0.634067352,-0.300175661,-0.208914576,0.238673578,-0.445048284,-0.072231196,-0.265817923,0.085999719
0,-0.294364649,-0.018715868,1.148575111,1.505695945,0.142866971,0.517230538,-0.409517493,0.302777144,-0.686254836,-0.514896826,0.14672696,0.522393105,0.090950283,0.621021475,-0.390281772,-0.143898799,0.457773611,0.727438847
0,-0.13571027,0.544881508,1.128421878,1.541347258,-1.030267985,-0.398986381,-0.707409115,-0.300198683,-0.763511041,-0.513607253,-0.544560654,0.00959272,0.030613041,0.280961705,-0.124662581,0.362105642,-0.376935311,0.137894008
0,-0.578193929,-0.027284354,0.86243973,1.201915942,-0.695788068,-0.171773964,-0.303343327,0.137460718,-0.676627991,-0.064735592,-1.190073974,-0.56257474,-0.502796259,0.171605031,-0.024800015,0.466232494,-0.392623797,0.406285342
0,-0.087292252,0.389973327,1.371664062,1.880762818,-0.418885515,0.13970302,-0.747855741,-0.077317356,-0.905611636,-0.435737064,-0.234197555,0.172202148,-0.005560843,0.331256878,-0.491652492,-0.206595297,-0.072780411,0.292638511
0,-0.008636125,0.358675458,1.215610228,1.567808091,-0.506724322,0.092476766,-0.803026285,-0.526253535,-0.825428849,-0.426357447,-0.851451791,-0.296459387,0.073003365,0.320594968,0.066298108,0.61423257,-0.103755255,0.105631206
0,-0.26807055,0.258794725,1.320299821,1.662063355,-0.878944435,-0.166684107,-1.138768412,-0.72666058,-0.674539226,-0.141025168,-0.702300681,-0.319727074,-0.316531863,0.214971273,-0.131763062,0.325545674,-0.604754312,-0.036365134
0,-0.475630195,-0.03265575,0.993748562,1.463475668,-0.547983376,-0.219857086,-0.76597999,-0.43729758,-0.467927972,0.117424325,-0.918640358,-0.63907068,-0.204714577,0.282610588,-0.117961617,0.458606485,-0.270841306,0.004280652
0,-0.356926786,0.155095476,1.305133826,1.52921259,-0.350036844,0.169156286,-0.60600416,-0.150789256,-0.779919884,-0.421349259,-0.686631324,-0.312086806,0.098564625,0.436570023,-0.176839356,0.582073427,-0.018044947,0.332019098
0,-0.171534446,0.238408185,0.461692206,1.211856403,-0.844871636,-0.382305296,-1.30925053,-0.855397657,-0.55010166,0.317580955,-0.603610278,-0.158830099,0.14712289,0.621309602,-0.00134496,0.412943578,-0.513223165,-0.027516924
0,-0.924758314,-0.583983285,0.588144686,1.29910865,-0.913211726,-0.397664689,-0.383096522,0.223183127,-0.878703488,-0.28524265,-1.130639146,-0.581417779,-0.245969272,0.553082204,-0.204679783,0.184338081,-0.124863944,0.228814793
0,-0.005545898,0.449528703,1.296093336,1.811591214,0.046414801,0.264659832,-0.668641024,-0.152916508,-0.888240091,-0.375813032,-0.491780632,-0.122193025,0.017828705,0.364434434,-0.063649059,0.267495052,0.096428906,0.637818206
0,0.061838528,0.456319889,1.134527063,1.71107128,-0.3325794,0.04692531,-0.680641919,-0.497669755,-0.863320764,-0.441154647,-0.603587492,-0.191427638,0.154804196,0.381355632,-0.57660001,0.056136508,-0.275106527,0.18353765
0,-0.666298458,-0.242352912,1.25638692,1.67318595,-0.514845968,-0.147393829,-0.38645847,0.043019901,-0.815477636,-0.243863174,-0.958992891,-0.422131256,-0.422192871,0.141100509,-0.272811503,0.104343538,-0.045488105,0.314768287
0,0.203833707,0.772390191,1.231703601,1.5048608,-0.248491887,0.088312759,-0.882868665,-0.695588276,-0.434659398,0.004344232,-0.207207174,0.384669839,0.07370148,0.296369795,-0.126894147,0.063118399,-0.318753296,0.093463763
0,-0.327214409,0.056795875,1.283626118,1.799760602,-0.268958979,0.168494874,-0.819175036,-0.160594458,-0.816055677,-0.271976272,-0.527572739,-0.253976285,-0.312999827,0.097943602,-0.364984939,0.053774818,-0.07928914,0.33159986
0,-0.707171487,-0.074338009,1.06280513,1.60329703,0.001712219,0.535843717,-0.306329065,0.349978403,-0.658884464,-0.403077808,-0.867792261,-0.2011779,-0.26448365,0.219217335,-0.241782313,0.428407671,0.187624053,0.663176285
0,-0.598747634,0.091126213,0.661926058,1.30204574,-0.250391849,0.159019132,-1.164657975,-0.509088078,-0.812540482,-0.45559846,-1.134879853,-0.869058481,0.117532602,0.41958431,0.044096663,0.523234373,-0.162144028,0.306770161
0,-1.255767182,-0.988861541,0.287558837,0.951598292,-0.506036273,-0.033106286,-0.065122598,0.289488577,-0.253938496,-0.21350742,-0.74074025,-0.499735654,-0.285738967,0.190376324,-0.218912581,0.131761196,0.115533192,0.295132028
1,0.162069028,0.482795158,0.239307084,0.888754386,-1.706408126,-1.103083299,1.150164356,1.568960264,0.106409985,0.464044401,-0.274601162,0.03340994,-0.395294793,0.711422544,-0.629545639,-0.003808644,0.244190971,0.641204189
1,-1.072366716,-0.502654374,-1.154694614,-0.728801632,-0.023024901,0.645675615,-0.634376494,0.201052517,-0.441997395,-0.171400642,-1.034990739,-0.643270036,-1.132188557,-0.558956115,-0.594497756,-0.269085335,0.156955388,0.696399877
1,-0.756426652,-0.101111901,-0.402817414,-0.068916335,1.226503142,1.556509516,0.358492304,0.984334749,0.288065267,0.851900865,-0.002994341,0.106959906,0.188071005,0.654150615,-0.342813576,-0.108726557,-0.193438176,0.428132698
1,-1.014166324,-0.408988164,-1.388149684,-0.705426592,-0.530347743,0.133244232,0.161239994,1.053761589,-0.580940199,-0.188123038,-0.917411328,-0.609619586,-0.529574758,-0.353987739,-0.685515811,-0.091553697,-0.265645389,0.150788194
1,-0.595646477,0.049496751,-0.88129214,-0.576736091,-1.217359123,-0.772849529,1.285564046,1.755644215,-0.612325363,0.339303001,-0.319512444,0.310695034,-0.60154463,-0.14066885,-0.697509171,0.07504127,-0.614926298,0.142800784
1,-0.896613786,-0.156661111,-1.680126094,-1.296051157,0.590180658,1.000447645,0.412299435,0.709001893,-0.434632561,0.264792583,-0.465067571,-0.024495508,-0.181596624,0.442973526,0.002668015,0.433103623,0.069301326,0.510111401
1,-0.682939151,-0.334127231,-1.584064309,-1.052540393,-0.193561945,0.566532275,0.5810462,1.377829203,-0.782179442,-0.110279991,-0.522791636,-0.172464709,-0.210318158,0.091952116,-0.529069829,0.115322056,-0.309308864,0.191796173
1,-0.791392645,0.021410454,-0.973406347,-0.365384052,-1.041417344,-0.155425891,0.906666195,1.711256192,0.347470165,0.92660539,-0.692279369,-0.371713038,-0.241868168,0.540940257,-0.896598268,0.07398339,-0.022399265,0.701367858
1,-0.784918085,-0.007763234,-1.481977145,-0.975065757,-0.157698306,0.551716603,-0.125544569,0.930854027,0.256369545,0.80496487,-0.661637375,-0.215639385,-0.039467059,0.506149348,-0.592336311,0.272036571,0.224215633,0.885475385
1,-0.468690618,-0.035416567,-1.644392907,-1.148507658,-0.617586072,0.111072138,0.735074419,1.027688016,-0.788676035,0.214132871,-0.640882033,-0.282069137,-0.150778425,0.227262656,-0.192363882,0.050701109,-0.106662361,0.36707034
1,-1.072482181,-0.494637772,-0.931597168,-0.57473472,0.384779546,1.007957718,0.158274982,0.712174645,-0.300818827,0.310681817,-0.99851758,-0.615971296,-0.518581522,-0.116043421,-0.964926199,-0.070352242,-0.08222356,0.194771922
1,-0.605013965,0.117720315,-0.437664329,-0.183020845,1.252516571,1.587045967,-0.211194351,0.44861361,0.821843792,1.222076319,-0.102767745,0.184902621,0.58097735,0.825557365,-0.406673559,-0.240780732,0.285269339,0.664772886
1,0.013593453,0.324734084,-0.341073603,0.155795238,1.007126382,1.303837943,0.458112554,1.005139638,0.733357144,1.17903055,-0.122101631,0.182731258,0.679819547,1.033442809,-0.203010445,0.003613248,0.027890718,0.233666273
1,-0.281273579,0.194923958,-0.646064771,0.228062709,-1.570981482,-0.861992079,1.37581193,1.90364528,0.035530392,0.774708516,-0.618346971,0.149408638,-0.583662086,0.274730898,-0.818100741,0.117066413,-0.110917167,0.390613386
1,-0.462597733,0.157104379,-1.656718639,-1.248196178,0.139310073,0.568731257,0.49232761,1.094728012,-0.379002223,0.205071218,-0.25701643,0.115652632,0.251933654,0.781296415,0.094643434,0.569005337,-0.214813029,0.35973009
1,-0.678004008,-0.07814244,-1.630576195,-1.155829017,-0.144769372,0.664384422,-0.062583319,0.52533446,-0.959344991,-0.316336545,-0.878270391,-0.538477528,-0.721365881,-0.214010385,-0.509665188,0.238592303,-0.039429384,0.494527351
1,-1.133842014,-0.688104642,-0.888154336,-0.214776517,0.7551367,1.449067932,-0.778206986,-0.033806758,-0.234090319,0.531663435,-0.900177509,-0.296342435,-0.923581255,-0.204571452,-0.229860005,0.227882788,0.135456525,1.01336492
1,0.10533505,0.535852104,-0.086592382,0.293055283,-1.435287474,-1.073822774,0.637206811,1.584991013,0.066718419,0.489917623,-0.480156584,-0.14235856,0.493471117,0.972069098,-0.745369375,-0.393316394,-0.100054754,0.267217397
1,-1.245140899,-0.563283579,-1.581125088,-0.977239397,0.492445702,1.19667706,-0.212109524,0.441296783,-0.370994665,0.400799214,-0.816768491,-0.171153565,-0.527150198,-0.025099503,-0.188571965,0.356326271,-0.035228367,0.81328788
1,-0.026885102,0.493373319,-0.581002901,0.060607507,0.764051876,1.316029377,1.194163996,1.807134916,0.35022685,0.685786025,0.1721939,0.310332845,0.400359405,0.992138258,-0.120263609,0.470680666,-0.289345846,0.004166853
2,0.246073168,0.79251416,-0.063073191,0.709915625,-0.462774918,-0.120256791,0.053397894,0.707760654,-1.092975873,-0.427862563,-0.134912496,0.291780885,1.043705005,1.470864888,-0.333746278,0.122250047,-0.583475927,-0.011654064
2,0.202570527,0.809538606,-0.524574426,0.201953292,1.458401463,2.044303408,-0.551174695,-0.053451347,0.001758926,0.371771713,-0.28836533,0.394918628,0.184642995,0.600229188,-0.358094264,0.301038599,-0.0285344,0.82609608
2,0.266508714,1.055862972,-0.775773296,-0.169080609,1.184709433,1.940441902,-0.345671126,0.072015195,-0.321446272,0.320770327,-0.460675858,0.089364737,0.344735349,1.04756482,0.082836004,0.619378102,-0.458660883,0.085498172
2,0.329005953,0.846020527,-0.783829499,-0.225294508,1.298449685,1.962454473,-0.251033385,0.041299485,-0.705377688,-0.122926409,-0.357543374,0.084119444,-0.149685905,0.291962272,-0.169651476,0.387274153,-0.04401628,0.363196038
2,0.855120283,1.196560975,-0.047537155,0.529955265,-0.55771512,-0.040970335,-0.417954996,-0.040163492,-0.16717738,0.005260338,0.050775125,0.395707073,1.303116718,1.402702152,-0.442502992,-0.082091779,-0.29892939,0.38948064
2,0.061607612,0.96004831,-0.724584551,-0.183345123,0.741665611,1.291783533,-0.54474739,-0.057584227,-0.902954154,-0.131438016,-0.670155812,-0.089509253,-0.47447715,0.028866999,-0.456181307,0.424117377,-0.64920049,0.0725029
2,0.447104039,1.103202253,-0.656359824,0.008801756,0.326906486,0.963656242,-0.227011011,0.837883569,-0.448799376,0.205790447,-0.088903068,0.23679984,1.289547022,1.630466682,-0.309139987,0.347055414,-0.115324311,0.362997567
2,-0.191909092,0.737099418,-0.769613011,-0.283478899,-0.222510427,0.227979516,-0.19824395,0.136968644,-1.188573509,-0.270114695,-0.628485083,0.136765834,0.161627366,0.457843106,-1.148664237,-0.611444495,-0.377627913,0.1269189
2,-0.093354999,0.233144393,-0.292482566,0.371567125,1.71854214,2.038153043,-0.576328716,-0.054696477,-0.257639679,0.267383286,-0.900270629,-0.250803191,-0.34938411,0.037492174,-0.025154949,0.278818926,-0.034216573,0.413661213
2,0.150887092,0.794097597,-0.547541579,-0.187716885,0.122145584,1.325304903,-0.200306846,0.323846192,-0.180011159,0.43350488,-0.199110515,0.39263146,0.722677452,1.443330535,-0.550119283,0.000319679,0.327153825,0.708754885
2,-0.669400366,-0.177213456,-0.870451899,-0.453704372,-0.802846372,0.18490988,0.208181472,1.078781855,-1.400180353,-1.045891801,-0.281728983,0.564622657,0.115195153,0.858057458,-1.025949989,-0.654598162,-0.168439261,0.053636164
2,0.348995054,1.051336949,-0.851950593,-0.369996936,1.042746535,1.761110811,-0.261374827,0.349273564,-0.222103199,0.257174039,-0.23255513,0.296759422,0.797924237,1.222601291,-0.094491663,0.38099582,-0.072466589,0.365404884
2,0.629387064,1.235303046,-0.572903865,-0.174463428,0.860797617,1.369778751,-0.310005081,-0.081186172,-0.887709653,-0.394368604,-0.285599366,0.295338339,-0.323483989,0.316295087,-0.405107678,0.310359006,-0.224717626,0.167924408
2,0.125263573,0.541982894,-0.658292361,-0.396803057,0.876077553,1.082849634,-0.129771,0.523798334,-1.185120315,-0.514986565,-0.224445254,0.325599598,0.332028293,0.927850323,-0.670400987,-0.237121959,-0.01065553,0.681466609
2,0.497184422,1.154452925,-0.818137741,-0.512420317,0.101129412,0.915350219,-0.427858186,-0.192916698,-0.974847745,-0.317708032,-0.417561584,-0.158045993,0.337626416,0.902835671,-0.328163623,0.865736982,-0.65409191,-0.231422351
2,0.16951822,0.598669639,-0.785116704,-0.350240932,1.033428034,1.74556211,-0.07458675,0.350923458,-0.190235835,0.21612836,-0.561456932,-0.206452241,-0.214371812,0.381053865,-0.551383127,0.261202182,-0.062879218,0.500330399
2,0.505552415,1.185520001,-0.77743679,-0.268428607,1.192585041,1.44333965,-0.25081009,0.094767143,-0.655704807,-0.398899174,0.066427412,0.355365374,0.244904192,0.745835183,-0.337048651,0.046513751,0.014898742,0.368888152
2,0.751812109,1.369082456,-0.886617862,-0.571322382,0.348654325,0.945500992,-0.343167422,-0.007866257,-1.022648505,-0.590665978,-0.040667811,0.51596165,-0.040058493,0.646027589,-0.485580113,-0.043603883,-0.493947289,0.21066764
2,0.28265133,0.969041252,-0.767313987,-0.163705732,-0.88225912,0.252719982,-0.409934312,-0.100036696,-0.614421215,-0.169486165,-0.001072344,0.610761415,0.661545044,1.365211965,-1.072878561,-0.180075023,-0.256072384,0.205089506
2,0.237133545,0.940203794,-0.454011383,0.085445658,1.426021662,1.794102131,-0.257113366,0.056699616,-0.819558168,-0.164799554,-0.588971604,-0.133712155,-0.588139491,-0.276970218,0.026516263,0.571574674,-0.258735107,0.153030955
3,0.886580574,1.57638373,-0.490820016,0.284209944,-0.527025412,0.126489417,0.262992014,0.642672071,-0.2937277,0.361471074,-0.323674529,0.395876322,-0.518256618,0.149021327,-0.473456298,0.399591621,-0.937014808,-0.433503614
3,0.71185695,1.263238601,0.063792831,0.60745292,0.224822944,0.937517007,0.257073251,0.767239896,-0.002794256,0.499050579,-0.734308751,0.132696381,-0.47041316,0.219472378,0.403280101,1.239848125,-0.478587526,0.183130519
3,1.072275954,1.74225447,-0.036346865,0.351142142,-0.172360458,0.519663223,0.228215218,0.847029408,-0.237529124,0.66319207,-0.169597167,0.567233886,-0.52318585,0.235421077,0.079884222,0.674318318,-0.75848734,0.028759626
3,0.717997973,1.031587329,-1.718402972,-1.19722836,-0.287511253,0.17669383,-0.522786485,0.120973242,-0.141811452,0.415450737,-0.704919603,-0.015989027,-0.235807235,0.112169126,-0.243964681,0.230261335,-0.555310759,-0.013141161
3,0.685179076,1.317511659,-0.561571597,0.102204415,-0.131872841,0.97619855,0.204936947,0.97688115,-0.274364207,0.652641443,-0.195816989,0.324674984,-0.50278503,-0.071388656,0.165270805,0.800704832,-1.186316662,-0.507711934
3,0.494159749,0.870336333,0.641481658,0.884993558,-0.274577916,-0.099087857,0.560018071,0.777912732,-1.145937303,-0.968400867,-0.141689076,0.773803134,-0.246369849,0.168497625,-0.405410861,0.633326037,-0.485676464,0.117413919
3,0.733356127,1.167876698,-0.439779712,0.419976562,-1.095818911,-0.680721674,0.164511014,0.599212013,0.015725939,0.273450382,0.320533073,0.4309066,-0.111854832,0.554790603,-0.430067862,-0.033707289,-1.028636356,-0.530971625
3,1.164538947,1.948119008,0.297368252,0.752569021,-0.449702282,0.223284579,0.089174075,0.482142856,-0.458145989,0.165128472,0.040436038,0.889967693,-0.162305863,0.441512742,-0.516982743,0.357433737,-0.47240555,0.336923115
3,1.050360965,1.684686503,-0.595379528,0.226328455,-0.714295284,-0.067804939,0.223610843,0.872988745,-0.430373463,0.095395132,-0.421883443,0.098428376,0.216306063,0.686649041,-0.003830195,1.245875822,-1.106050755,-0.511274966
3,0.967431419,1.478210994,-1.003705362,-0.173187371,-0.547175941,-0.043911537,-0.256072331,0.307669507,-0.125822554,0.373439189,-0.518420801,0.044980976,-0.145596585,0.455044195,-0.29162815,0.30359271,-1.003727235,-0.824653538
3,0.845251783,1.367318102,-0.749765198,0.142340201,-1.287756669,-0.732273334,-0.27234641,0.113073646,-0.30280768,0.152798705,-0.24213253,0.323965491,0.434516103,0.89740655,-0.265699685,0.603593229,-0.880037927,-0.380811247
3,0.001735064,0.651986578,-0.229164021,0.489720114,0.172235769,1.07297845,0.128954986,1.036436676,0.368072767,1.024011537,0.004597141,0.371164255,-0.474638016,-0.096082682,0.268287308,0.937677747,-0.766786318,-0.062499645
3,0.869684825,1.451258235,0.320130998,0.780915417,0.096962601,0.611271834,0.271749477,0.886817321,-0.727199139,0.024739066,-0.464903013,0.168031661,-0.729432703,-0.11213487,0.184086032,0.773143484,-0.529687053,0.129000921
3,0.515352377,1.216126664,0.076066467,0.840988372,-0.217387714,0.517220343,0.245220857,0.60561673,-0.272252857,0.147760554,0.265959046,0.952732228,0.052442389,0.799089725,-1.213035133,-0.391871169,-0.134502043,0.663353533
3,1.333334689,1.890989941,-0.013276085,0.396860753,-0.297054785,0.582847711,0.219178745,0.820045876,-0.504277822,0.342968006,0.420726924,0.800801899,-0.514547014,0.052722717,-0.361892025,0.126193806,-0.843348972,-0.165611799
3,0.199695223,0.555226035,-1.340731098,-0.740162177,-0.820638411,-0.280656451,-0.676749783,0.346774975,-0.578537136,0.301928246,-0.325876978,0.513589521,-0.250657243,0.412935473,-0.598338912,0.046161609,-0.793698088,-0.374519834
3,0.997581292,1.634376823,0.209494023,0.564403808,0.240941324,0.990856246,0.445043091,0.755480828,-0.703610585,0.229805152,0.342169535,0.898302151,-0.357992503,0.227011363,-0.030830787,0.655132957,-0.302481015,0.047416359
3,1.307474994,1.775201063,0.116454138,0.761576792,-0.734667149,-0.436645623,0.044402758,0.602757937,-0.373223129,0.156072301,-0.24101328,0.558292724,-0.150264439,0.451721485,-0.205351895,0.620866914,-0.887565249,-0.250685036
3,0.850390893,1.453090245,-0.585862222,-0.006828904,-0.30063506,0.112649967,0.357392731,0.967986564,-0.280076405,0.459775263,-0.943033061,-0.253026374,0.076163717,0.567080873,-0.315926169,0.295327808,-0.891936968,-0.288246986
3,0.09118978,0.514469305,-0.869982475,-0.230726828,0.136820226,0.533575316,0.143232162,0.269204387,0.279688294,1.073902135,-0.619225483,-0.445587783,-0.272548254,-0.108903326,-0.300597144,-0.056893111,-0.891423982,-0.302574758
4,-1.847347868,-1.588361289,0.14662061,0.273004546,0.023726995,0.449083698,-0.502102804,0.182629414,-0.101333597,0.08445824,-0.65942136,-0.367617869,0.517613202,0.593023623,0.042533858,0.262722947,-0.57269405,-0.156463886
4,-1.651971796,-1.148234323,0.454278638,1.116099307,-0.38188169,0.006908307,0.27116025,0.770764267,-0.353068725,0.067901036,-0.838628511,-0.626323365,0.034183933,0.42633747,0.276216291,0.730947441,-0.579344186,-0.236504511
4,-1.568438595,-0.934513617,-0.349881648,0.160469913,-0.904007594,-0.42018807,-0.53155828,-0.189714213,-0.734717001,-0.400399267,-0.385042971,0.473633273,0.050712947,0.664582174,0.021970304,0.572759335,-0.231811223,0.511818847
4,-1.720186225,-1.147544873,-0.663674119,-0.115672704,-1.089794479,-0.012899852,0.228078925,0.958804913,-0.440683959,0.166988494,-0.466088877,0.004585977,-0.09024661,0.519738194,0.075461782,0.652844293,-0.126304753,0.20160856
4,-1.797310342,-1.575026704,-0.022537679,0.702481039,-0.618006271,-0.292510882,0.159390707,0.885416445,0.202013849,0.520973816,-0.026668267,0.340539617,-0.062497794,0.328156105,0.245224343,0.660804545,-0.686198735,-0.371112653
4,-1.873566194,-1.313592117,-0.311964331,0.500510556,-0.751346228,-0.015506831,-0.73942603,0.069048582,-0.384559142,0.249439968,-0.0877716,0.371016583,0.209683153,0.747702096,0.3236621,0.729694771,-0.230041271,0.365235637
4,-1.475211797,-0.8547746,-0.009041608,0.418435044,-1.120440633,-0.461110976,0.956410665,1.217739599,0.216818747,0.770424632,-0.122146321,0.541354674,-0.429470191,0.183722586,0.476545272,0.757988042,-0.374098302,0.083342481
4,-1.572466364,-1.264426579,-0.255681973,0.380581976,-0.723098598,-0.354695536,0.865720258,1.15545654,-0.358167304,0.044406181,-0.373379195,0.103060933,-0.236278109,0.014694421,0.540279393,0.96442666,-0.707094722,-0.141233555
4,-1.328617007,-0.850985146,-0.243023655,0.416192263,-1.269288116,-0.857674684,-0.153544277,0.445578984,0.670299211,0.951791766,-0.019838356,0.446387108,-0.020095787,0.261928946,0.177721477,0.658125812,0.006344275,0.531264511
4,-1.391115651,-1.111325011,-0.999274844,-0.235717392,-0.644048883,0.321682042,0.956096676,1.201061389,-0.271223104,0.147714095,-0.778820451,-0.084164345,-0.498970689,0.164375003,0.356421126,0.735196575,-0.620823209,-0.01826329
4,-1.096660658,-0.883802323,-0.513834883,0.065991915,-1.258709669,-0.529030503,1.052372438,1.574568193,-0.338065303,0.128172483,-0.134438731,0.310869973,-0.484907644,-0.079742267,-0.029488352,0.630923243,-0.637872287,0.003685381
4,-1.797705938,-1.580791369,0.139530053,0.853110782,-0.898108465,-0.414490731,0.535071223,0.855324635,-0.362792234,0.295677205,-0.643797371,-0.076632032,0.018833132,0.422603056,0.336767333,0.702553862,-0.323825909,-0.087174895
4,-1.697619519,-1.151100678,-0.934633331,-0.58025698,-0.593035315,0.310474152,0.618154876,0.909824401,-0.047796013,0.674231354,-0.343751424,0.080248777,-0.527914144,-0.215087298,0.42396824,0.8167534,-0.158274876,0.681632138
4,-1.623231414,-1.008363899,-0.399327737,0.160865444,-0.638770541,0.108423749,-1.124451594,-0.778381325,-0.075496134,0.419664854,0.228943522,0.642350132,0.182771317,0.598413635,0.401591239,0.661896154,0.224477476,0.556858136
4,-1.210478812,-0.740070735,-0.610118179,-0.184701702,-0.470226555,0.064982718,-0.867835685,-0.478445173,-0.609826414,-0.070257454,0.136588848,0.561097882,-0.348529567,0.197266237,0.242069043,0.907721264,0.250630516,0.905032888
4,-1.262158346,-0.319111938,-0.825809573,-0.369298903,-1.285766484,-0.049652245,-0.789458191,0.024392482,-0.215465391,0.695266907,-0.001956235,0.643475731,-0.340186745,0.401493758,-0.228702157,0.322248406,0.379959191,1.066380631
4,-1.899936401,-1.493071968,0.383449665,0.791891197,-0.843100232,-0.018395978,-0.164454882,0.338497834,-0.378592028,-0.078998767,-0.630162431,-0.253397686,0.449372681,0.725017585,0.422028828,0.735292868,-0.40484924,0.168430893
4,0.075522759,0.4853714,-1.122699851,-0.873456548,0.110938164,0.331690879,-0.965572095,-0.61249237,0.033550966,0.092006431,0.105748351,0.205278224,-0.690917365,-0.09882125,-0.130386399,0.116549181,0.970752902,1.02339707
4,-1.981257833,-1.484627012,-0.260773948,0.407633894,-1.126971627,-0.181481928,-0.055220678,0.514596753,-0.205282849,0.434342207,-0.285967061,0.3161343,0.104475031,0.518837173,0.325623552,0.667131175,-0.409313485,0.197284254
4,-1.653307642,-1.05201304,-0.275678489,0.227573346,-0.844138787,-0.247519937,-0.626396362,0.145154543,0.284812445,0.734623751,0.150797611,0.725612464,0.113140471,0.631346136,0.209999976,0.750305323,-0.174001628,0.488494518
5,0.331055525,1.052106366,0.714033395,1.00686716,-0.381310935,0.26876945,-0.673230393,-0.002741704,0.413130127,1.373207748,-0.026283585,0.545693634,-0.746381792,-0.097410658,-0.178433011,0.689545512,-0.520847872,0.121892225
5,-0.776749258,-0.149921231,-0.851712565,-0.380537614,0.01317926,0.299652377,-1.711739954,-1.202713446,0.639591493,1.156665488,-0.12909944,0.324658728,-0.44511522,0.288526993,-0.505075846,0.051379501,-0.17817195,0.549547541
5,-0.392531041,-0.096326478,-0.251595702,0.028523607,0.352946429,0.437118309,-2.21795923,-2.012388359,0.100298694,0.327353034,-0.207837418,-0.032492642,-0.584374693,0.29198316,-0.11579006,0.093843811,-0.026785292,0.17989569
5,0.534137137,0.99192647,0.762871996,1.164330844,0.069014433,0.785395299,-0.107940406,0.193941308,0.506850734,0.961309828,0.039293178,0.990001725,-0.295850114,-0.027163849,-0.047752206,0.425113921,0.322535557,0.783765986
5,-0.188107577,0.581245783,-1.359604215,-0.711901338,-0.049923935,0.546684829,-1.230774493,-0.583610831,0.538727001,1.125578768,-0.761491941,-0.08198669,-0.198479336,0.380642588,-0.426213269,0.005661874,-0.523431654,0.632251396
5,-0.57176372,0.119412826,-0.750861166,0.067859874,-0.283933167,0.519093275,-1.121831214,-0.471226093,1.184975005,1.725047625,-0.594876844,0.106985822,-0.120886915,0.462331032,-0.441504833,0.156619238,-0.29608716,0.451756138
5,-1.13963501,-0.278072271,-0.220861817,0.375062547,-0.654743956,0.153644736,-0.790686283,-0.293106426,0.327465415,1.228908239,-0.047391717,0.351353512,-0.416158004,0.123826428,-0.657671498,0.375747175,-1.065150965,-0.467718206
5,-0.182200733,0.784779284,0.098017706,0.465218151,-0.51175272,-0.011708643,-0.634076745,-0.261665332,1.128931687,1.453325912,-0.378415353,0.318790556,-0.550890214,-0.136932296,0.055981964,0.666199966,-0.891721942,0.072150664
5,0.248278394,1.042756054,0.678384372,1.072061758,-0.663579208,0.254264339,-0.59243496,-0.032199638,0.697641064,1.258360562,-0.520902354,0.096184989,-0.498172245,0.106883583,0.186984431,0.796245134,-0.034924356,0.448407566
5,-0.555418652,0.348447018,0.47281311,0.88744022,-0.343744801,0.236601082,-0.670392906,0.041875848,0.475076267,1.299435593,0.207400984,0.998455936,-0.469161841,-0.2283821,-0.286755318,0.436970197,-0.914588021,-0.277462531
5,-0.525835541,-0.048665824,-0.506543797,0.016352811,0.06002429,0.356129474,-1.662056019,-1.112650755,0.110465901,0.832274002,-0.369055995,0.030390577,0.24881413,0.670225229,-0.260957426,0.154943777,-0.630766697,-0.239735394
5,0.113813382,0.332956424,0.15967991,0.392348447,-1.046152111,-0.724734961,-0.887911187,-0.014863578,0.496975241,1.300361599,-0.674032373,-0.053093003,-0.596793548,-0.097149621,0.175430752,0.843807272,0.077993866,0.353833732
5,0.766993002,0.951428418,0.070863654,0.49465303,-0.738985798,0.024530895,-0.203692909,0.900693513,-0.281365191,0.576585845,-1.092950732,-0.678967947,-0.08827885,0.119480897,0.051142196,0.454769225,-0.175305933,0.270190135
5,-0.495697835,0.098076373,-0.364759947,0.080153107,-0.848397525,0.165026207,-0.198683322,0.159592243,0.835577732,1.461061352,-0.448545907,-0.218251259,-0.276126503,-0.01711139,-0.272072023,0.20781303,-0.2058117,0.216373903
5,-0.276324022,0.375940279,-1.239032882,-0.564018294,-0.028351767,0.452182609,-1.485278574,-1.095665904,0.915552599,1.323667207,-0.41192547,0.034617724,-0.048491651,0.279018103,-0.690211145,-0.002572697,-0.493173347,0.05418972
5,0.163706468,0.743239796,-0.701109898,0.321958092,-0.640117565,-0.08307062,-0.998005193,-0.212123408,0.756157244,1.559437131,-0.818247129,0.074083814,-0.166890125,0.260719452,-0.010358309,0.59719107,-0.327709486,0.173313031
5,-0.125322183,0.389306643,-0.244152808,0.483733211,-0.236964708,0.283278117,-0.939003939,0.007343329,1.055820715,1.496971547,-0.248687496,0.361127165,-0.405392366,-0.008457362,-0.352818862,0.163724429,-0.921195245,-0.637473786
5,-0.504962119,0.356932085,0.200275997,0.754681105,-0.719631037,-0.586895025,-0.615296958,0.237290157,0.760995583,1.05873818,0.167680451,0.512697418,-0.775660896,-0.440218208,0.096974643,0.665424552,-0.354301097,0.021438845
5,-0.053496762,0.576887325,-0.644174095,0.031250941,-0.304062827,0.240467735,-0.959460039,-0.519222756,0.842102033,1.602946538,-0.478855521,-0.137265149,-0.379905026,0.106984533,-0.578060543,0.041268574,-0.674673315,-0.217828526
5,-0.480963024,0.245437841,-0.870937072,-0.475389359,0.287153107,0.572837932,-2.100642265,-1.561531189,0.358592393,1.061737655,-0.503572393,0.23729714,-0.88060387,0.049546864,-0.386869983,0.040762568,-0.161141974,0.317797843
6,-1.527198581,-1.116706837,-0.292800391,0.036215147,0.609536069,1.009182872,0.286333103,0.939403819,-0.058303785,0.418045859,-0.756052964,-0.049119521,-0.289194396,0.39428884,-0.596240726,-0.118391633,-0.527236228,0.050727996
6,-1.092396435,-0.651255342,0.798435314,1.211249849,0.590469428,1.034252358,-0.075650566,0.360469688,0.082816652,0.248769505,0.365380548,0.932042538,-0.805664629,-0.35852376,-0.174979992,0.177877303,-0.206811528,0.148541562
6,-1.531398288,-0.810088249,-0.244584338,0.513637066,-0.130176233,1.068683517,-0.622967556,-0.278566403,-0.063672565,0.296466434,-0.67296931,-0.200730644,-0.14071109,0.300039912,-0.962126343,-0.090349337,-0.711867766,-0.289070779
6,-1.481445305,-0.874831603,0.341619687,0.900537588,0.656316008,1.224471587,0.062681341,0.552365025,-0.001382504,0.35815994,0.125265635,0.614405042,-0.529745833,-0.024950189,-0.807352359,-0.272515367,-0.548002106,-0.243580384
6,-1.072917115,-0.412060218,-0.282556512,0.398871108,0.530107605,1.263676843,0.934494688,1.662283187,-0.33071391,0.023518957,0.583851622,0.928379036,-0.465052616,0.052984008,-0.097138111,0.116809658,-0.04927752,0.695659836
6,-1.06441359,-0.611790999,0.913384704,1.293995016,0.533018884,0.930037714,-0.248567217,0.280990682,-0.124306483,0.273144344,0.462369887,0.899453577,-0.418326688,-0.238108003,-0.442940414,0.200043687,-0.507064004,-0.104366542
6,-1.073456808,-0.687178843,0.295698502,0.724873757,0.687682326,1.134233712,0.285028941,0.64341193,-0.138147355,-0.023830881,0.456789085,1.218719054,-0.544256383,-0.290312362,-0.245459731,0.369246879,0.316385039,0.657004857
6,-0.703163964,-0.503941702,1.079583588,1.313815768,0.1300647,0.446848011,-0.221038697,0.393187604,-0.062910606,0.300324346,-0.419431874,0.154003331,-0.752775815,-0.439094244,0.236675752,0.84723111,0.322997612,0.689116941
6,-1.443409538,-1.139627908,0.13969813,0.657823867,0.754775332,1.298998944,0.43022074,0.979369774,-0.2247159,0.226368379,0.289748662,0.863437844,-0.090858558,0.441311145,-0.490368053,-0.100744517,-0.369556807,0.406490904
6,-1.507112792,-1.212800436,0.33052123,0.709359608,0.942962819,1.18207531,-0.1729297,0.42430207,0.063108926,0.302907207,-0.618968908,0.235188072,-0.188381524,0.344601473,-0.761408042,-0.38758974,-0.351074559,0.181325551
6,-0.78306704,-0.336283309,0.851167168,1.548521566,0.596945867,1.014533002,-0.51129531,-0.042054188,-0.456482111,0.040469073,0.471708353,1.160238998,-0.279155618,0.342652864,-0.216048234,0.181665617,-0.487630917,0.245360353
6,-1.051354919,-0.626889841,0.502492997,1.005274512,-0.205036382,0.810851115,-0.391034976,0.116755199,-0.263083847,0.399155543,-0.158177436,0.527966138,-0.811429046,-0.044355346,-0.760617697,-0.099071661,-0.666732504,-0.198175223
6,-1.34801889,-0.981125429,0.684163737,1.149728185,0.503510277,1.330109806,-0.297585613,-0.013660027,-0.032284271,0.424453161,0.051903589,0.529870369,-0.322263219,0.107295604,-0.584060952,0.027318133,-0.751985141,0.005206861
6,-1.336977898,-0.851658912,0.4277102,0.842551917,0.570416336,1.215878564,0.054638716,0.573943367,-0.20177917,0.090727463,0.614293099,1.268608162,-0.319329172,0.209064446,-0.534747788,-0.047339067,-0.294810622,0.353903893
6,-1.137336909,-0.740983651,0.957432975,1.365185632,0.761412982,1.240728225,-0.563685718,-0.171299763,-0.155920352,0.159537578,0.107135989,0.628063545,0.14276098,0.654676065,-0.370828872,0.001640822,-0.469440415,-0.164395605
6,-1.037029378,-0.697408583,0.443304788,0.458345654,0.665275672,0.942560309,0.283379655,0.33933566,-0.588320335,-0.33152546,0.396768057,0.751096832,-0.098146948,0.133736467,-0.520216803,0.075366385,-0.959430972,-0.938654722
6,-1.303946289,-0.692653367,0.635613581,1.090053144,0.343897542,1.011572894,0.479982411,1.064535187,-0.10736494,0.27108411,0.020518715,0.585242144,-0.836088269,-0.507537068,-0.45142692,0.104499763,-0.39925875,0.500291549
6,-1.206398398,-0.882785365,0.750471723,1.057890445,0.761317599,1.142225005,-0.366451527,-0.042882369,-0.360350686,0.002234595,0.523303734,1.032617166,0.268059865,0.650368965,-0.398225519,-0.027090994,0.016065187,0.365671186
6,-1.370913006,-0.865308273,0.093689734,0.454759205,0.556726428,1.079053125,0.470917826,1.016544975,-0.180916013,0.357628106,0.093158346,0.793518344,-0.482582723,0.103273417,-0.156839461,0.226874114,-0.494278807,0.001997829
6,-1.148876901,-0.799122408,0.776728273,1.100284221,0.778056477,1.213261179,-0.485944887,0.038739722,-0.295145685,0.141408488,0.693843744,1.31678292,-0.312982641,0.118051502,-0.444782528,0.05330295,-0.399948419,0.25223996
7,-0.282055446,0.342665138,-1.308194771,-1.088124989,-0.526411876,0.100972168,-0.795703812,-0.351670603,-1.214478108,-0.586515948,0.091381333,0.858858157,-0.869692259,-0.216766186,0.353322364,0.648435558,-0.178519373,0.349467386
7,-0.399681598,0.509613246,-1.156052064,-0.501144516,0.005517185,0.392802376,-0.593413385,-0.357367132,-0.877757316,-0.406493157,0.041438595,0.727175821,-1.200828555,-0.631656795,0.643833417,1.198566335,-0.053157572,0.726046482
7,-0.688406323,0.092729708,-1.32860559,-0.884038921,-0.075137381,0.702985944,-0.484574204,-0.005688353,-0.938677278,-0.187425743,0.265965752,0.743653419,-0.748218073,-0.142040889,0.971064752,1.36662664,-0.539305672,0.473479292
7,-0.543797872,-0.230122516,-0.902243903,-0.708732253,-1.361887759,-0.88410968,-0.788213196,-0.179932374,-1.0605637,-0.710886152,0.251043393,0.811373306,-0.022628736,0.415920565,-0.249003777,0.363447566,-0.920747212,-0.293987946
7,-0.791751223,0.000491878,-1.387143915,-1.08083837,-0.686460195,-0.115836338,-0.280024996,0.225937895,-1.222192668,-0.685092816,0.015393674,0.60742978,-0.235180696,0.322015417,0.222468095,0.900111362,-0.669162226,0.220050726
7,-0.143505784,0.237950721,-1.234663123,-0.956613119,0.05275634,0.093821626,-0.942374607,-0.609907208,-0.481964604,-0.254636943,-0.115960728,-0.043857245,-0.872994329,-0.706751845,-0.216519549,0.13224517,-0.448206565,-0.210570385
7,-0.070692785,0.504798128,-1.481669737,-1.154493878,-0.350944726,0.613376364,-0.468105913,-0.059591729,-0.621896692,-0.238313353,-0.450341731,0.296406683,-0.839748323,-0.260017944,0.242589134,0.623784042,0.639386767,0.939026847
7,0.08686923,0.330117235,-1.037405886,-0.701362998,-0.867961508,-0.726504477,-1.060159053,-0.738397195,-0.207336143,0.01967276,0.057449631,0.470620446,0.142730829,0.665521484,-0.807025214,-0.27582842,0.46052574,0.641927982
7,-0.351003347,0.194338626,-0.937730108,-0.534178372,-1.185448266,-0.348932174,-0.80008971,-0.088383607,-0.642370176,-0.261093769,-0.048949764,0.480969972,-0.201954882,0.474623591,-0.504900475,0.103967807,-0.476169988,0.088055533
7,-0.118146868,0.569810989,-1.222007639,-0.69927681,-1.555533175,-0.995464003,-0.648729116,-0.103314688,-0.645837434,-0.122783883,0.570067894,1.130512329,0.197573684,0.601418982,-0.302346503,0.134556422,-0.490537691,0.227622911
7,-0.394069563,0.025881676,-0.818368394,-0.520783512,-1.678678919,-0.973657656,-0.683590493,-0.259783516,-0.204153998,0.174828147,0.232554308,0.780651375,0.387172487,0.98476203,-0.462947641,-0.13060617,-0.514565079,0.086032866
7,-0.148108862,0.523583665,-1.443593677,-1.103619364,-1.009909918,-0.577227878,-0.869631702,-0.338849286,-0.717131754,-0.252496256,0.370483681,0.796714055,-0.817142571,-0.36182156,-0.171178649,0.233598479,0.132666757,0.724219483
7,-0.482734995,0.086931423,-1.250316724,-0.832581209,-1.62484939,-1.211194226,-0.595123737,-0.169252016,-0.558283079,0.1855177,0.338454566,1.237036591,-0.28172174,0.189026468,-0.278090649,0.078602735,-0.353772568,0.032984879
7,-0.912960253,-0.236416903,-0.846213951,-0.232151364,-1.705896067,-1.309835099,-0.223769637,0.386097686,-0.511462273,0.414102884,0.43455566,0.769536574,-0.211839058,0.355861394,-0.191460916,0.17748298,-0.974170816,-0.16350541
7,0.149217457,0.793253189,-1.397069285,-1.140106475,-1.194120806,-0.59356449,-1.071635704,-0.368875921,-0.805607708,0.00764905,0.600539781,1.000939007,-0.420599934,-0.090690151,-0.170391641,0.285569537,-0.150625528,0.460701952
7,-0.552282728,0.096696138,-0.535149047,0.042998648,-1.586572696,-1.108522747,-0.799459734,-0.621891882,0.070575825,0.700058335,-0.141067366,0.354981731,0.76763077,1.081249367,-0.620901681,-0.014799434,0.209349136,0.615776065
7,0.144573858,0.793418251,-1.423873299,-1.001122494,-0.66225778,-0.360747769,-0.537780764,-0.020353004,-0.644069046,-0.313581043,0.480962067,0.771683417,-0.487223187,0.285176193,0.399758184,0.59791757,-0.290331929,0.251312477
7,0.136332212,0.573908385,-1.195663478,-0.932810881,-0.643355697,-0.028920916,-0.808922039,-0.545095976,-0.919962421,-0.197645821,-0.16072499,0.546460847,-1.351990769,-0.608260278,0.010820155,0.543919649,0.236302791,0.757139899
7,-0.091080899,0.463799357,-1.132531955,-0.904008426,-0.782708279,-0.239542901,-0.849115858,-0.64592195,-0.758718068,-0.306693963,0.587705452,0.949927109,-0.475502715,0.101055519,-0.327461928,0.092245287,-0.416267689,0.21455874
7,-0.235871951,0.160272298,-1.359828576,-0.887728164,-1.058504006,-0.586239886,-0.843287525,-0.336490748,-1.149087471,-0.60265158,0.513158874,1.168607643,-0.411864139,0.172355548,-0.305384606,0.210711543,-0.541882331,-0.09938455
8,-0.240806421,0.110287451,-0.498721624,0.185332432,-0.402486651,0.144142563,0.689290323,1.230546623,-0.904230564,-0.250784533,-0.224283669,0.310279488,-0.930044468,-0.199083876,-0.559020291,-0.272412252,-0.531742794,0.106090824
8,-0.407414728,0.211997652,-0.148658695,0.572793285,-0.492427314,0.166978494,-0.250461619,0.623925191,-0.558497245,-0.130286478,0.211458599,0.827210095,-0.68133484,0.092337601,-1.159916526,-0.340663677,-0.157637692,0.401516862
8,-0.027369286,0.75231345,0.054747917,0.517664872,0.481480425,0.868514604,-0.14629956,0.575194552,-0.167968306,0.246131269,-0.018552169,0.5269792,-0.871945892,-0.564896934,-0.299807581,-0.060245627,-0.529067926,0.036102602
8,-0.008550107,0.78084571,-0.067044105,0.306971227,-0.580140579,0.247218964,0.04051211,0.475639496,-0.177680207,0.482503014,-0.004906648,0.630162591,-0.68552637,0.064693953,-1.181788955,-0.233152752,-0.440077686,0.230727275
8,-0.632953577,0.033049862,-0.590731262,-0.01353479,-0.395491253,0.410430168,-0.539167172,0.219922008,-0.35442528,0.234946514,-0.744346339,-0.239132822,-0.718005406,-0.469259614,-0.940175379,-0.675829087,-0.441127118,0.147317182
8,0.001127398,0.656672367,-1.014256484,-0.496373068,-0.128251556,0.53448503,-1.143819367,-0.442559074,-0.116933877,0.594471486,-0.674823428,0.101664972,-0.808631528,-0.039117185,-0.52831645,0.175164134,-0.209225088,0.276661229
8,-0.22838715,0.531807618,-0.935001173,-0.220241616,-0.493303237,0.293355259,-0.350901013,0.37400205,-0.493176742,-0.043477447,-1.010107137,-0.126430624,-0.876937501,-0.346084545,-0.582350005,0.132490436,-0.578492562,-0.118216668
8,-0.45212276,0.024697301,-0.974238624,-0.295751517,0.213916702,0.775545808,-0.610240322,0.322088679,-0.786042838,-0.068300647,-0.840513997,-0.161693777,-0.335994108,0.102671853,-0.005744492,0.437064259,0.070550967,0.417226808
8,-0.019044398,0.327219136,-0.09349769,0.481635775,0.355392991,0.703954342,0.290171425,0.567491987,-0.401084093,0.210623826,-0.727320295,-0.190566465,-1.032928281,-0.705207398,-0.53470183,0.480263642,-0.687641897,-0.230463248
8,-0.441139525,0.213907634,-0.747351412,-0.231993316,-0.450516374,-0.087434641,-0.757140733,-0.188215168,-0.428669536,0.309530557,-0.258418258,0.199827291,-0.251444112,0.037371443,-0.954382142,-0.455635403,-0.167752437,0.230755074
8,-0.307667436,0.202392622,-1.13140701,-0.33697655,-0.207425192,0.597594398,-1.080601164,-0.299250685,-0.693811062,-0.061779984,-1.064202372,-0.582999504,-0.848579611,-0.257029448,-0.577812588,-0.155578554,-0.065171974,0.720237299
8,-0.222082785,0.700687563,-1.123264546,-0.610454369,-0.064600603,0.691910285,-0.47285438,-0.053419264,-0.38392218,0.287342615,-0.892531251,-0.468517673,-0.609555417,-0.255135771,-0.34105609,0.377564781,-0.771366847,0.169539657
8,-0.675080231,0.228263546,-1.173057666,-0.435015765,0.207349189,0.878085705,0.329047463,0.960992825,-0.681786749,-0.216227868,-0.828579493,-0.457988395,-0.504534006,0.238591732,-0.58112046,-0.003203521,-0.453527131,-0.012041807
8,0.271435508,0.648635736,-0.437705172,0.044335318,0.095710108,0.695016017,-0.146108925,0.289715525,-0.346278299,0.286404275,-0.629242155,0.115700711,-0.752569183,0.017116706,-0.042527256,0.646890493,-0.567397772,0.267958525
8,0.062413057,0.734892979,-0.158361075,0.546742714,-0.35578934,0.504781361,-0.453067116,0.346846238,-0.453852533,0.129875771,-0.585795148,0.342611711,-1.027790312,-0.362368111,-1.003800269,-0.344037439,-0.538628382,0.040651545
8,-0.376057215,0.23917616,-0.648967926,-0.073660107,-0.196353964,0.462921741,0.494007278,1.179391827,-0.662068908,-0.184304393,-0.227338412,0.477905574,-0.550713506,-0.101892927,-1.188665137,-0.83219102,-0.472740685,-0.096031215
8,-0.651548268,0.084578969,-0.427143948,0.060513669,0.831700249,1.164861821,-0.035387429,0.427279943,0.294083603,0.523551443,-0.479905371,0.23714272,-0.25254613,-0.016358499,-0.394880972,-0.110767372,-0.046933614,0.55772284
8,-0.519542532,0.443244867,-0.477075448,0.318876856,-1.043334939,-0.279369822,-0.157108835,0.832589561,0.271193004,0.786228223,-0.427483493,0.459942836,0.076397209,0.430200995,-1.065736242,-0.30527212,-0.233395352,0.116309064
8,-0.644863189,0.382365675,-0.876598729,-0.335251922,-0.278067297,0.503367166,-0.285113726,0.298561105,-0.552057779,0.185066138,-0.956643762,-0.204596158,-0.281364057,0.276040797,-0.835378185,-0.128019111,-0.263784608,0.756825635
8,-0.944628464,-0.55044639,-0.717822267,-0.413353099,-0.600137399,-0.267031273,-0.388056587,-0.07711475,-0.70346568,-0.272518856,-0.277492641,0.148256293,-0.678895705,-0.302050531,-0.679514063,-0.060123344,-0.353377165,0.397538259
9,0.835937887,1.151524749,0.552900377,0.737614443,0.212303447,0.983501348,0.503854188,1.053722653,0.288731823,0.983198484,-0.418068184,0.366086864,0.060317862,0.451870292,0.389273819,0.753843805,0.660993572,0.923612613
9,0.854652874,1.108409272,0.583117059,1.02595563,-0.423229141,0.021971709,-0.092369454,0.315796881,-0.25756642,0.226972337,0.577394253,1.003993468,-0.375195864,-0.205469458,-0.506703379,-0.046003541,0.329380652,0.810566008
9,0.692327737,1.303819785,0.556547246,1.012746878,-0.52257286,0.059155738,-0.054906335,0.430885142,-0.465374526,0.144569233,-0.465227224,-0.08490786,-0.608396834,-0.288179683,-0.330104619,0.33032471,0.365305925,1.009036861
9,-0.056050142,-0.024882275,-0.986117519,-0.730321554,-1.039040706,-0.592383172,-0.588503597,-0.201522312,0.60905864,1.160651142,0.025156791,0.256628582,-0.048594735,0.05933525,-0.781988571,-0.50575651,0.352703455,0.670805337
9,0.643827717,1.250344435,0.496366157,0.877135617,-0.707883483,0.046924053,0.537811656,1.351952902,-0.374004792,0.522243256,-0.557962631,0.057792284,-0.287077556,0.379282477,0.09694136,0.668813728,0.219926097,0.768756261
9,1.049723971,1.519453488,0.558099478,0.902490986,-0.245560448,0.331854914,0.163608511,0.55820304,-0.190705792,0.349092825,0.089557624,0.928393939,-0.615938038,0.127760179,-0.383866227,0.472756545,0.620884677,1.235497426
9,0.412309813,0.827493669,0.387409415,0.918932651,-0.680559535,0.174026144,-0.27625075,0.258307759,-0.480069615,-0.129682023,0.121806109,0.761729974,-0.499553629,-0.22444223,-0.832925188,0.09370535,-0.031154755,0.344475924
9,-0.644842326,-0.0324464,-0.692964045,0.474275444,-1.831359078,-1.236981838,-0.090133383,1.154282897,0.414497266,0.946565584,-0.31937286,0.572344133,-0.837823911,0.065270916,-0.761528849,0.04282059,0.102661963,0.907951497
9,0.006144526,0.49629917,-1.066623449,-0.379412013,-1.415353826,-0.847293586,-0.963003597,-0.446142716,0.082437926,0.518861151,-0.107646273,0.48504745,-0.238334658,0.439278483,-0.70043636,-0.233880916,0.462195105,0.788544741
9,0.111389673,0.706014822,-1.199239827,-0.278985105,-0.595013731,0.186176371,-0.995299023,-0.240660126,-0.060251359,0.777031598,-0.624811141,-0.09265985,-0.438130775,0.069118983,-0.679959621,-0.13049729,0.056000878,0.950270709
9,1.027096304,1.559205996,0.469621093,1.022800061,-0.834986447,-0.303042127,-0.337575738,0.551218995,0.055667379,0.573177175,-0.387527904,0.322218357,-0.539392847,-0.116157765,-0.19257228,0.456150293,0.008027475,0.652828969
9,0.253823748,0.946416071,-0.00890439,0.793035541,-0.999182743,-0.314255261,-0.462845333,0.22047189,0.101098448,0.52713139,-0.233408583,0.47443959,-0.35538772,0.052555888,-0.327048495,0.638375247,-0.125001513,0.415265656
9,1.129532479,1.558019608,0.545722367,0.958222641,-0.396814033,0.036460765,-0.090578192,0.338918314,-0.212534569,0.137877019,-0.426710792,0.061090541,-0.536992969,-0.069537613,0.094076469,0.602289926,0.263400175,0.816983415
9,0.690523696,1.134245505,0.460663899,0.754812436,-0.184835085,0.341940419,0.625885085,1.207959847,-0.236277693,0.023785557,0.293117086,0.927092824,0.02556765,0.554250559,0.017056652,0.418205782,0.963273605,1.080419395
9,0.708497477,1.301019044,0.665507765,1.041965897,-0.562719008,0.039937807,0.432183671,0.835424164,-0.514043758,0.017876385,-0.239833053,0.352663546,-0.435596416,0.044552346,-0.52850369,-0.06357216,0.486442301,0.932188665
9,0.304506256,1.215367627,0.514880823,1.002611629,-1.090519454,-0.567922016,-0.059785738,0.6872768,-0.316471419,0.236717025,-0.692555639,-0.000243545,-0.524374242,-0.037719838,-0.632002402,-0.244646691,0.09085441,0.457558301
9,1.044872382,1.445255573,0.285129781,0.82596206,-0.94294098,-0.404669543,-0.356465402,0.452526506,-0.358071796,0.195757719,-1.032701679,-0.315209874,-0.312019483,0.332789999,-0.045701621,0.458003688,-0.085492656,0.430343791
9,0.776074918,1.08758724,-0.075982446,0.333526554,-0.604354341,-0.016351663,-0.212164079,0.619473527,0.046671734,0.496504871,-0.839913006,-0.024030466,-0.212592314,0.328876991,-0.094899892,0.953589091,-0.427716063,0.385804785
9,0.14306788,0.816143926,0.151123954,0.647889029,-0.157407443,0.474847424,-0.11285775,0.838811697,0.053414237,0.720725143,0.417022986,1.263643255,-0.520444076,-0.074968688,-0.200588589,0.614444044,0.337211617,0.86431362
9,0.058623836,0.542945504,-0.333529735,0.050093619,-1.749945863,-1.540012098,0.062186436,0.55731612,0.018371401,0.807707238,-0.723191637,-0.233275545,0.184960692,0.542367081,-0.274862896,0.290055264,0.542561616,1.007415262
